{
  "version": 1,
  "johndeere": {
    "TURN_ANGLE_OFFSET": 0.05585053606381855
  },
  "localization": {
    "pose": [-1.3, 2.5, 0.0],
    "cones": [[0.3818528285, 0.422141624347],
              [14.1332437673, -0.0387839181584],
              [14.6070155058, 4.74770752203],
              [0.390038273338, 4.84183427008]]
  }  
}

