{
  "version": 2,
  "params": {
      "maxspeed": 10,
      "waypoints": [[50.1283538, 14.3752654],
                    [50.1281866, 14.3736720]]
  }
}

