{
  "version": 2,
  "robot": {
    "modules": {
      "app": {
          "init": {
            "maxspeed": 10,
            "waypoints": [[50.128522777777775, 14.374890833333334],
                          [50.12847194444444,  14.37479]]
          }
      }
    }
  }
}

